{
    "loss": [
        1.9225880806793985,
        0.5922603114096394,
        0.5142134602617296,
        0.4728458484738686,
        0.4465298901427971,
        0.42654966719672394,
        0.4119915286230936,
        0.3993093373309902,
        0.38739098934656585,
        0.37755658813300597,
        0.37077420176098796,
        0.36314101721851594,
        0.3553417958159309,
        0.3500108095965165,
        0.34408978037056503,
        0.3395436786978542,
        0.3374819964682085,
        0.3310060812232323,
        0.32878454147874014,
        0.32355158206858836,
        0.3215678986241888,
        0.31716239708176003,
        0.3140699528957131,
        0.31132044237059076,
        0.3105933743612958,
        0.30803425376635274,
        0.30692421833588823,
        0.3005848731605792,
        0.29933339625980765,
        0.2987963978696792,
        0.2953694798531966,
        0.2929067120851365,
        0.29247395217802374,
        0.29069701649344487,
        0.2867163253124692,
        0.2881440896333031,
        0.2871699618103678,
        0.2835676381004727,
        0.28377568795317704,
        0.2808972072703643,
        0.28023094603943705,
        0.28627684165607675,
        0.2898162315267861,
        0.2808667872532755,
        0.281560617519039,
        0.2780042555454971,
        0.2750922895872029,
        0.27221620581692396,
        0.27160864432098547,
        0.26897180819076505,
        0.26770007207414104,
        0.2676611589387762,
        0.267302955904488
    ],
    "categorical_accuracy": [
        0.7559304112016916,
        0.8254749630397987,
        0.8451886357411789,
        0.8561575721006014,
        0.8635791945610959,
        0.8690391377318064,
        0.8733169830408232,
        0.8769128343066449,
        0.8805175761296533,
        0.8830730633674274,
        0.8848962808115817,
        0.887314837250076,
        0.8896782142409954,
        0.8910610058021138,
        0.8925335177024547,
        0.8936791339401527,
        0.8943856519690899,
        0.8959313299778701,
        0.8969699562619164,
        0.8983186182801804,
        0.8990885954302269,
        0.9002461687945497,
        0.9011465346864356,
        0.9018394664377608,
        0.9017694673057268,
        0.9030042903361902,
        0.9037650731500118,
        0.9051372357704099,
        0.9054302062855247,
        0.9055709153285857,
        0.9064485992229021,
        0.9070440411823489,
        0.9078936245564215,
        0.907907009636382,
        0.9090371968408499,
        0.9089860018230811,
        0.9091824043718003,
        0.9099989773889463,
        0.9099364394537859,
        0.9104186597044368,
        0.910842429414838,
        0.9100113431783188,
        0.9091398934693794,
        0.9112082556081929,
        0.9105927853369399,
        0.9120565084940362,
        0.9126369311062549,
        0.9134366456019508,
        0.9134920309797366,
        0.9141176180522305,
        0.9145210508113241,
        0.9150988148773163,
        0.9146396888683778
    ],
    "val_loss": [
        0.5804325342178345,
        0.4964936673641205,
        0.45985862612724304,
        0.4229728579521179,
        0.4068448841571808,
        0.3924816846847534,
        0.38046956062316895,
        0.3706524968147278,
        0.36440473794937134,
        0.3546804189682007,
        0.35076767206192017,
        0.3522515296936035,
        0.3511165678501129,
        0.3433305621147156,
        0.3409061133861542,
        0.33616551756858826,
        0.3327983021736145,
        0.3295056223869324,
        0.33157873153686523,
        0.33000683784484863,
        0.3252458870410919,
        0.32155993580818176,
        0.32892778515815735,
        0.3252590596675873,
        0.3270619809627533,
        0.33032679557800293,
        0.3202427625656128,
        0.3283062279224396,
        0.32634085416793823,
        0.3229595720767975,
        0.3222874701023102,
        0.32318535447120667,
        0.3192143738269806,
        0.3228647708892822,
        0.32178059220314026,
        0.32867109775543213,
        0.327621191740036,
        0.3255694508552551,
        0.3246742784976959,
        0.32451876997947693,
        0.3253994882106781,
        0.33588606119155884,
        0.3385656476020813,
        0.3327302932739258,
        0.3360738158226013,
        0.3291007876396179,
        0.32655301690101624,
        0.32734403014183044,
        0.3298451006412506,
        0.3297846019268036,
        0.327947199344635,
        0.33025211095809937,
        0.326889306306839
    ],
    "val_categorical_accuracy": [
        0.8307248950004578,
        0.8511152863502502,
        0.8616973757743835,
        0.8704996705055237,
        0.8756069540977478,
        0.8803273439407349,
        0.8836354613304138,
        0.8868855237960815,
        0.8887814283370972,
        0.8908126950263977,
        0.892244279384613,
        0.89129638671875,
        0.8909288048744202,
        0.8943336606025696,
        0.8958812952041626,
        0.8968679308891296,
        0.8987831473350525,
        0.8980286717414856,
        0.8986090421676636,
        0.898879885673523,
        0.9027877449989319,
        0.9021880030632019,
        0.899847149848938,
        0.9007564187049866,
        0.9010853171348572,
        0.9010465741157532,
        0.9036776423454285,
        0.9015495777130127,
        0.9020912647247314,
        0.9038323760032654,
        0.9030585885047913,
        0.9040645360946655,
        0.9050318002700806,
        0.9022847414016724,
        0.9036776423454285,
        0.9038904309272766,
        0.9027103185653687,
        0.9032520055770874,
        0.9042773246765137,
        0.9050511717796326,
        0.9050705432891846,
        0.9026329517364502,
        0.9011626839637756,
        0.9029037952423096,
        0.9060378074645996,
        0.905147910118103,
        0.9039871692657471,
        0.9043934345245361,
        0.9059604406356812,
        0.9069857597351074,
        0.9066568613052368,
        0.905128538608551,
        0.9064440727233887
    ],
    "train_time": 129.26738262176514,
    "test_acc": 0.9560456871986389,
    "test_time": 0.36352992057800293
}