{
    "loss": [
        0.42004731963226166,
        0.3234851936889416,
        0.2998369764956626,
        0.2848510708035602,
        0.2773220427309835,
        0.27204779151239566,
        0.2641017371695531,
        0.2606462225094859,
        0.25534828943208315,
        0.2520553762259868,
        0.24798723131280234,
        0.2444278896598871,
        0.24322019072606638,
        0.23935473731935508,
        0.2378560818936143,
        0.23552466451876536,
        0.23384564795849702,
        0.23120502057786155,
        0.2300691238997527,
        0.22836016923090188,
        0.22632853084770085,
        0.22491893940552674,
        0.22381061367266633,
        0.22232909506176313,
        0.22024166919403929
    ],
    "categorical_accuracy": [
        0.8744738698005676,
        0.9011048674583435,
        0.9079297780990601,
        0.9122998118400574,
        0.914387047290802,
        0.9161109924316406,
        0.918114423751831,
        0.9189699292182922,
        0.9207196831703186,
        0.9212828874588013,
        0.9226328134536743,
        0.923711895942688,
        0.923711895942688,
        0.925278902053833,
        0.9256486296653748,
        0.9261967539787292,
        0.9263364672660828,
        0.9272478818893433,
        0.9275380969047546,
        0.9283871650695801,
        0.9287698268890381,
        0.929115891456604,
        0.9292470216751099,
        0.9300788640975952,
        0.9303863048553467
    ],
    "val_loss": [
        0.34311046489021985,
        0.3183449744190597,
        0.30519722227113594,
        0.3068774527280076,
        0.3034543799306071,
        0.2955242111295636,
        0.29010010934085206,
        0.28889926911750663,
        0.28800624709197503,
        0.2926554080177494,
        0.28999487724104667,
        0.2845833432599226,
        0.2926777420038918,
        0.28705076343339897,
        0.28308027475926445,
        0.2846191385565778,
        0.28733116868700387,
        0.28982891702051905,
        0.28444931019051517,
        0.2886072915963469,
        0.2864544012961377,
        0.28388556915927166,
        0.29075794022699175,
        0.2880255917666952,
        0.2863961460737221
    ],
    "val_categorical_accuracy": [
        0.8947592377662659,
        0.9024975299835205,
        0.9064247012138367,
        0.9054187536239624,
        0.9070631265640259,
        0.9087074995040894,
        0.910990297794342,
        0.9115319848060608,
        0.9123445153236389,
        0.9102745056152344,
        0.9120736718177795,
        0.9136599898338318,
        0.9112418293952942,
        0.9128668308258057,
        0.9136599898338318,
        0.9150528907775879,
        0.9129055142402649,
        0.9133698344230652,
        0.9137567281723022,
        0.9130216240882874,
        0.9136599898338318,
        0.9148207902908325,
        0.9130796194076538,
        0.9139888882637024,
        0.9141436815261841
    ],
    "train_time": 532.402904510498,
    "test_acc": 0.964323878288269,
    "test_time": 3.2613277435302734
}