{
    "loss": [
        0.44330795910432436,
        0.32573134027837397,
        0.2870318506401733,
        0.2582263540078495,
        0.23687790283116544,
        0.22017184071021315,
        0.20865000627404978,
        0.19795184234191568,
        0.1909530687440483,
        0.18350707881633255,
        0.17988725107498155,
        0.174732742443175,
        0.1719110817037378,
        0.16886586402176834
    ],
    "categorical_accuracy": [
        0.8700264692306519,
        0.8995400071144104,
        0.9105737209320068,
        0.9179768562316895,
        0.9239203929901123,
        0.9284559488296509,
        0.9314030408859253,
        0.9343823194503784,
        0.93653404712677,
        0.9386836290359497,
        0.9399110078811646,
        0.941187858581543,
        0.9421809315681458,
        0.9430386424064636
    ],
    "val_loss": [
        0.3414835027348746,
        0.3074050058039829,
        0.29269053660253447,
        0.29188616535974643,
        0.3012407155474445,
        0.3092464165753887,
        0.3096257046383087,
        0.33551183957764025,
        0.3264749099933915,
        0.3466172953769765,
        0.34554749675446345,
        0.3585801941693499,
        0.3455979854571296,
        0.36951826915733865
    ],
    "val_categorical_accuracy": [
        0.8960167169570923,
        0.9061732292175293,
        0.9108935594558716,
        0.9107001423835754,
        0.9116287231445312,
        0.9130603075027466,
        0.9126540422439575,
        0.9129635691642761,
        0.9127120971679688,
        0.9141049981117249,
        0.9126346707344055,
        0.9135246276855469,
        0.9115319848060608,
        0.9106227159500122
    ],
    "train_time": 315.3962986469269,
    "test_acc": 0.961867094039917,
    "test_time": 7.407835960388184
}