{
    "loss": [
        6.9482914410815475,
        0.4366931498946918,
        0.343931466851073,
        0.30610711383687866,
        0.2854827104774326,
        0.2684113943723483,
        0.25758228693208285,
        0.24731899712531039,
        0.23911949084916612,
        0.23254954593191013,
        0.2267966972503163,
        0.2220260879915206,
        0.2179408036569575,
        0.21361564348047513,
        0.21096569835577214,
        0.2076260078716356
    ],
    "categorical_accuracy": [
        0.54826420545578,
        0.8695814609527588,
        0.8942069411277771,
        0.9045635461807251,
        0.9100169539451599,
        0.9144644141197205,
        0.9173018932342529,
        0.9199651479721069,
        0.9220932722091675,
        0.9234066605567932,
        0.9252079725265503,
        0.9262892007827759,
        0.92735755443573,
        0.9284667372703552,
        0.9293437600135803,
        0.9300960898399353
    ],
    "val_loss": [
        0.5427929924356366,
        0.359078657746797,
        0.32736227266219914,
        0.3149337746472914,
        0.3132551347812024,
        0.30410587608984896,
        0.30873634897991004,
        0.32007733848362413,
        0.318740616918189,
        0.31559700836711624,
        0.32855415213361977,
        0.3364703256796634,
        0.34104805628256096,
        0.34560508143846247,
        0.3464555570756318,
        0.35636609077617354
    ],
    "val_categorical_accuracy": [
        0.8445957899093628,
        0.8884138464927673,
        0.8994796276092529,
        0.9042773246765137,
        0.9055348038673401,
        0.9070824980735779,
        0.9091524481773376,
        0.9091524481773376,
        0.9097908735275269,
        0.9096941351890564,
        0.9086495041847229,
        0.908842921257019,
        0.9085140824317932,
        0.9100423455238342,
        0.9083206057548523,
        0.9103712439537048
    ],
    "train_time": 296.90376901626587,
    "test_acc": 0.9626148343086243,
    "test_time": 3.181819438934326
}