{
    "loss": [
        9.475077087128604,
        0.3046348348811821,
        0.11218019561083228,
        0.0733968514121241,
        0.05470146045640663,
        0.04778233577531797,
        0.036460625697617176,
        0.029538394814288174,
        0.026064014320986137,
        0.020463129936682957,
        0.018518594809359423,
        0.016229070533342934,
        0.014380481844354007,
        0.011749747360159678,
        0.011586194124969619,
        0.009480742612612192,
        0.008476419275178126,
        0.009228034138989946,
        0.00802164627842743,
        0.008125546733262363
    ],
    "categorical_accuracy": [
        0.2743518650531769,
        0.9036481380462646,
        0.9644814729690552,
        0.9768333435058594,
        0.9827592372894287,
        0.9850370287895203,
        0.9881851673126221,
        0.9904629588127136,
        0.9917222261428833,
        0.9932036995887756,
        0.9940000176429749,
        0.9944074153900146,
        0.9950925707817078,
        0.9965000152587891,
        0.9964073896408081,
        0.9967963099479675,
        0.9972222447395325,
        0.9967407584190369,
        0.9972407221794128,
        0.997259259223938
    ],
    "val_loss": [
        0.650195707877477,
        0.12098988766471545,
        0.07984064519405365,
        0.06068785861134529,
        0.060738385965426765,
        0.05807832752664884,
        0.05043339294691881,
        0.04849719566603502,
        0.048114534777899585,
        0.045647239312529564,
        0.04877141366402308,
        0.04591027523080508,
        0.04943945103635391,
        0.052747734511892,
        0.0497917328029871,
        0.05121986319621404,
        0.04733466822654009,
        0.05666968412697315,
        0.05537002502630154,
        0.05542304335782925
    ],
    "val_categorical_accuracy": [
        0.7918333411216736,
        0.9601666927337646,
        0.9738333225250244,
        0.9808333516120911,
        0.9810000061988831,
        0.981166660785675,
        0.984333336353302,
        0.9868333339691162,
        0.9868333339691162,
        0.987666666507721,
        0.9891666769981384,
        0.987666666507721,
        0.987666666507721,
        0.9883333444595337,
        0.9890000224113464,
        0.987500011920929,
        0.9890000224113464,
        0.987666666507721,
        0.9886666536331177,
        0.9878333210945129
    ],
    "train_time": 63.07831621170044,
    "test_acc": 0.230139821767807,
    "test_time": 4.821100234985352
}