{
    "loss": [
        0.2936241321310168,
        0.2094335414386827,
        0.1780534754573545,
        0.1563476971849545,
        0.14008573453633025,
        0.12663940144145228,
        0.11649901659754539,
        0.10639923695798612,
        0.09844192416764336,
        0.09064030854486456,
        0.085357309055955
    ],
    "out_0_loss": [
        0.09157071262598038,
        0.06610497087240219,
        0.05721583217382431,
        0.049979258328676224,
        0.045417651534080505,
        0.04103408381342888,
        0.037732988595962524,
        0.03449912369251251,
        0.032204851508140564,
        0.02897477336227894,
        0.02726254053413868
    ],
    "out_1_loss": [
        0.12676744163036346,
        0.09008695185184479,
        0.07587265223264694,
        0.06656093895435333,
        0.058754611760377884,
        0.05334106832742691,
        0.04910343512892723,
        0.04447684809565544,
        0.0405762642621994,
        0.03728000447154045,
        0.03515905141830444
    ],
    "out_2_loss": [
        0.12350108474493027,
        0.08805108815431595,
        0.07477521896362305,
        0.0660679042339325,
        0.05998147651553154,
        0.05410577729344368,
        0.0492720752954483,
        0.045701492577791214,
        0.04272454231977463,
        0.040372442454099655,
        0.038124341517686844
    ],
    "out_3_loss": [
        0.04314373433589935,
        0.02943440154194832,
        0.024170564487576485,
        0.021621273830533028,
        0.01882348582148552,
        0.016586996614933014,
        0.015976661816239357,
        0.014473789371550083,
        0.01366699393838644,
        0.013316941447556019,
        0.01220865361392498
    ],
    "out_4_loss": [
        0.005921180825680494,
        0.0038578456733375788,
        0.0032633929513394833,
        0.002871141768991947,
        0.0027568249497562647,
        0.0023530146572738886,
        0.0023351632989943027,
        0.002304357010871172,
        0.0019849182572215796,
        0.0020419969223439693,
        0.002109744120389223
    ],
    "out_5_loss": [
        4.733548394142417e-06,
        5.605749038295471e-07,
        3.774449623961118e-07,
        4.516391243214457e-07,
        3.680523548155179e-07,
        3.1379289566757507e-07,
        2.628261484005634e-07,
        5.414403290160408e-07,
        2.078374734537647e-07,
        2.1866335941922443e-07,
        2.028929344533026e-07
    ],
    "out_0_categorical_accuracy": [
        0.9761582016944885,
        0.9834666848182678,
        0.9854708909988403,
        0.9876178503036499,
        0.9885073900222778,
        0.9896769523620605,
        0.9907092452049255,
        0.9912912845611572,
        0.9916866421699524,
        0.9924059510231018,
        0.9928342700004578
    ],
    "out_1_categorical_accuracy": [
        0.9674714803695679,
        0.9763613343238831,
        0.9797053337097168,
        0.9823575019836426,
        0.9845099449157715,
        0.9851579070091248,
        0.9864922165870667,
        0.9878100156784058,
        0.9886227250099182,
        0.9896495342254639,
        0.9898142218589783
    ],
    "out_2_categorical_accuracy": [
        0.9674385190010071,
        0.9766358733177185,
        0.980084240436554,
        0.982291579246521,
        0.9836094379425049,
        0.9853610396385193,
        0.9863439202308655,
        0.9872828722000122,
        0.9879198670387268,
        0.9884524941444397,
        0.989133358001709
    ],
    "out_3_categorical_accuracy": [
        0.9890784621238708,
        0.9926036596298218,
        0.9940862059593201,
        0.9946737289428711,
        0.9953985810279846,
        0.9959201812744141,
        0.9960245490074158,
        0.9963210225105286,
        0.9965296983718872,
        0.9965461492538452,
        0.9970732927322388
    ],
    "out_4_categorical_accuracy": [
        0.9993740320205688,
        0.9993575811386108,
        0.9993301033973694,
        0.9994234442710876,
        0.9994618892669678,
        0.9994564056396484,
        0.9994838237762451,
        0.9994398951530457,
        0.9995442628860474,
        0.9994673728942871,
        0.9995442628860474
    ],
    "out_5_categorical_accuracy": [
        1.0,
        1.0,
        1.0,
        1.0,
        1.0,
        1.0,
        1.0,
        1.0,
        1.0,
        1.0,
        1.0
    ],
    "val_loss": [
        0.2884844363687137,
        0.29399500909053566,
        0.23441794187008722,
        0.28288316129563024,
        0.2713145342333134,
        0.21445887405210842,
        0.21987042839547394,
        0.24413714109952916,
        0.2389078754559822,
        0.2161697463266276,
        0.23642409609913836
    ],
    "val_out_0_loss": [
        0.08365292102098465,
        0.09483053535223007,
        0.07802804559469223,
        0.09785649925470352,
        0.09091054648160934,
        0.07289301604032516,
        0.06869558990001678,
        0.08471696078777313,
        0.07454098761081696,
        0.06510408967733383,
        0.07831966876983643
    ],
    "val_out_1_loss": [
        0.14175288379192352,
        0.1284937709569931,
        0.10613624006509781,
        0.12512387335300446,
        0.12184225767850876,
        0.09704457223415375,
        0.10352198034524918,
        0.11173325777053833,
        0.10824903100728989,
        0.10474232584238052,
        0.11063791811466217
    ],
    "val_out_2_loss": [
        0.10064905881881714,
        0.1204383596777916,
        0.08358999341726303,
        0.10205238312482834,
        0.09594494849443436,
        0.07641883194446564,
        0.08054281026124954,
        0.08209303021430969,
        0.09501437842845917,
        0.08026314526796341,
        0.08287715911865234
    ],
    "val_out_3_loss": [
        0.041533924639225006,
        0.03428228944540024,
        0.02705797180533409,
        0.028650842607021332,
        0.034404460340738297,
        0.02008631080389023,
        0.02363070286810398,
        0.021549468860030174,
        0.027755873277783394,
        0.019904794171452522,
        0.01931961067020893
    ],
    "val_out_4_loss": [
        0.0029395062010735273,
        0.0016688753385096788,
        0.0034114685840904713,
        0.0028139350470155478,
        0.0026788280811160803,
        0.0028597419150173664,
        0.002922637155279517,
        0.0017544253496453166,
        0.0028389105573296547,
        0.002203608164563775,
        0.002320789499208331
    ],
    "val_out_5_loss": [
        1.1938308830394817e-07,
        2.1129473282144318e-07,
        1.3236692097962077e-07,
        3.379917643542285e-07,
        1.2313563502175384e-07,
        1.585026865313921e-07,
        1.2449645225842687e-07,
        6.959911615922465e-07,
        1.4601107523048995e-07,
        1.5191115210200223e-07,
        1.241636056192874e-07
    ],
    "val_out_0_categorical_accuracy": [
        0.9805297255516052,
        0.975143313407898,
        0.9801344275474548,
        0.9731172323226929,
        0.9774659276008606,
        0.9835935831069946,
        0.9845819473266602,
        0.9793931841850281,
        0.9818639755249023,
        0.9854220151901245,
        0.9831488728523254
    ],
    "val_out_1_categorical_accuracy": [
        0.9685214757919312,
        0.9658529162406921,
        0.9752915501594543,
        0.9675825238227844,
        0.9690155982971191,
        0.9764281511306763,
        0.9763787388801575,
        0.974896252155304,
        0.9763787388801575,
        0.9781083464622498,
        0.9776635766029358
    ],
    "val_out_2_categorical_accuracy": [
        0.9741055369377136,
        0.9689661860466003,
        0.9790966510772705,
        0.9755386710166931,
        0.9745997190475464,
        0.9805297255516052,
        0.9824569821357727,
        0.9823087453842163,
        0.978553056716919,
        0.9819628596305847,
        0.9831982851028442
    ],