{
    "loss": [
        3.819676052467911,
        2.139167091362657,
        1.5825242728401288,
        1.048289401134054,
        0.7995272593131477,
        0.6432512201185401,
        0.5561675467223697,
        0.4942820232126899,
        0.45432300611003074,
        0.42453060686643435,
        0.39844078518542586,
        0.37361516789479027,
        0.35255621038275015,
        0.33760392153540275,
        0.32062265323693245,
        0.3101031349266198,
        0.293586942217622,
        0.28278471789826387,
        0.26786779955376866,
        0.2602771926890554,
        0.24851901934631848,
        0.24335645350515486,
        0.23018678128167863,
        0.2235689330655374,
        0.2217791206928262,
        0.2079969321503817,
        0.19939360482410368,
        0.19646106515718728,
        0.18669574021361018,
        0.18354716856034928
    ],
    "categorical_accuracy": [
        0.1616993546485901,
        0.23410838842391968,
        0.45973822474479675,
        0.6639365553855896,
        0.7530600428581238,
        0.8012771010398865,
        0.8306259512901306,
        0.8501615524291992,
        0.8630992770195007,
        0.8717143535614014,
        0.8799198865890503,
        0.8875036239624023,
        0.8933430314064026,
        0.8970286846160889,
        0.9016092419624329,
        0.9051887392997742,
        0.9101788401603699,
        0.9138190150260925,
        0.9165642857551575,
        0.9189455509185791,
        0.9231621026992798,
        0.9256343841552734,
        0.928804337978363,
        0.9310643076896667,
        0.930169403553009,
        0.9350836277008057,
        0.937480092048645,
        0.9382384419441223,
        0.9414994716644287,
        0.942637026309967
    ],
    "val_loss": [
        2.2122128820796823,
        1.9408978039600664,
        1.138661596217248,
        0.8197923006498518,
        0.646309993011913,
        0.5679996323299121,
        0.499995426795797,
        0.4733351366363065,
        0.4647987777504021,
        0.43898865327527864,
        0.41595441528496574,
        0.4007700069611951,
        0.4087724185627795,
        0.4000891160678577,
        0.39726291114015394,
        0.38710387119855055,
        0.38816079128774633,
        0.37824496578851297,
        0.3848915776853642,
        0.37758855119758444,
        0.3803318162254711,
        0.3817677339292308,
        0.39084361626611785,
        0.38958318614907644,
        0.38669958002834803,
        0.39961746158477485,
        0.39828899475091667,
        0.3826753455141741,
        0.4050779104183972,
        0.40973376297833586
    ],
    "val_categorical_accuracy": [
        0.20242969691753387,
        0.3181818127632141,
        0.6374556422233582,
        0.7420147657394409,
        0.8102648258209229,
        0.8342888355255127,
        0.8518973588943481,
        0.8572208285331726,
        0.8618618845939636,
        0.8731913566589355,
        0.8779689073562622,
        0.8830193877220154,
        0.8776958584785461,
        0.8827463984489441,
        0.8886159062385559,
        0.8861588835716248,
        0.8891618847846985,
        0.8933933973312378,
        0.8890253901481628,
        0.895850419998169,
        0.8943489193916321,
        0.894758403301239,
        0.8927108645439148,
        0.8959869146347046,
        0.891482412815094,
        0.9000818729400635,
        0.898716926574707,
        0.898034393787384,
        0.8968058824539185,
        0.8981708884239197
    ],
    "train_time": 109.45822715759277,
    "test_acc": 0.8895974159240723,
    "test_time": 4.919302225112915
}