{
    "loss": [
        0.20165426439289172,
        0.14782541478745845,
        0.1272472202584653,
        0.11214306345243477,
        0.10502133018030389,
        0.09533985567425865,
        0.09212483737601825,
        0.09250216682409072,
        0.08739148703588913,
        0.07897464979646573,
        0.07557232824095225,
        0.07357418588702935,
        0.07233552490161207,
        0.07531644648366592,
        0.06687803547575993,
        0.07060160657603134,
        0.07260184363652054,
        0.06063420443400975,
        0.06170871215292739,
        0.060732657116364865,
        0.05857378942753723
    ],
    "categorical_accuracy": [
        0.9435312747955322,
        0.9581960439682007,
        0.9641351699829102,
        0.9681119918823242,
        0.9702144265174866,
        0.9729863405227661,
        0.9737833738327026,
        0.9737164378166199,
        0.9754590392112732,
        0.9776012301445007,
        0.9785467982292175,
        0.9790948629379272,
        0.9795383810997009,
        0.9785844683647156,
        0.9809316396713257,
        0.9798877239227295,
        0.9793166518211365,
        0.9827641844749451,
        0.9824608564376831,
        0.9827851057052612,
        0.9834336638450623
    ],
    "val_loss": [
        0.14857819802731137,
        0.15461324683158437,
        0.1166272566951838,
        0.13799359715601656,
        0.11426742512142325,
        0.11012547546614364,
        0.11881641715346418,
        0.14424698689255536,
        0.10462584405841205,
        0.10125713346065714,
        0.09929759844929428,
        0.10498885570392284,
        0.11457787028869762,
        0.10030320518162904,
        0.10959239242064035,
        0.1356830723440898,
        0.10105021739910987,
        0.10676246589796592,
        0.10835158089583671,
        0.10234760599102215,
        0.10599872422236502
    ],
    "val_categorical_accuracy": [
        0.9583913683891296,
        0.957073450088501,
        0.9681063294410706,
        0.9619120955467224,
        0.9690853357315063,
        0.9701396822929382,
        0.9668072462081909,
        0.9618179798126221,
        0.9734345078468323,
        0.9742252230644226,
        0.9748842120170593,
        0.9728131890296936,
        0.9715893864631653,
        0.9760138392448425,
        0.9722860455513,
        0.9632676839828491,
        0.9751289486885071,
        0.9749971628189087,
        0.9754490256309509,
        0.9757502675056458,
        0.9756561517715454
    ],
    "train_time": 538.1875097751617,
    "test_acc": 0.9365780353546143,
    "test_time": 4.962085962295532
}